age,job_dissatisfied,job_satisfied,female,male,married,single,overtime,individual income
55.0,462.0,4266.0,4307.0,421.0,3548.0,1180.0,1531.0,70285.0
11.0,0.0977,0.9023,0.9109999999999999,0.08900000000000001,0.7504000000000001,0.24960000000000002,0.32380000000000003,41404.0
48.0,3867.0,35342.0,35847.0,3362.0,29490.0,9719.0,12056.0,85444.0
12.0,0.0986,0.9014,0.9143000000000001,0.0857,0.7521,0.24789999999999998,0.3075,37157.0
