age,job_dissatisfied,job_satisfied,female,male,married,single,overtime,individual income
55,462,4266,4307,421,3548,1180,1531,"70,285"
11,0.0977,0.9023,0.9109999999999999,0.08900000000000001,0.7504000000000001,0.24960000000000002,0.32380000000000003,"41,404"
48,3867,"35,342","35,847",3362,"29,490",9719,"12,056","85,444"
12,0.0986,0.9014,0.9143000000000001,0.0857,0.7521,0.24789999999999998,0.3075,"37,157"
