Attrition,job_dissatisfied_2018,job_satisfied_2018,female_2018,male_2018,married_2018,single_2018,overtime_2018,individual income_2018,job_dissatisfied_2022,job_satisfied_2022,female_2022,male_2022,married_2022,single_2022,overtime_2022,individual income_2022
Yes/Count,462.0,4266,4307,421.0,3548,1180.0,1531,"70,285",94.0,105.0,86.0,113.0,61.0,114.0,139.0,48290.95
Yes/%,0.1,0.9023,0.9109999999999999,0.09,0.7504000000000001,0.25,0.32380000000000003,"41,404",0.47,0.53,0.43,0.57,0.31,0.57,0.7,32892.0
No/Count,3867.0,"35,342","35,847",3362.0,"29,490",9719.0,"12,056","85,444",545.0,932.0,592.0,885.0,716.0,408.0,337.0,82227.62
No/%,0.1,0.9014,0.9143000000000001,0.09,0.7521,0.25,0.3075,"37,157",0.37,0.63,0.4,0.6,0.48,0.28,0.23,62448.0
